"ano_pesquisa","senioridade","faixa_salarial","quantidade","ordem_faixa","percentual"
"2023","Júnior","Menos de R$ 1.000/mês","22","1","2.1"
"2023","Júnior","de R$ 1.001/mês a R$ 2.000/mês","194","2","18.55"
"2023","Júnior","de R$ 2.001/mês a R$ 3.000/mês","211","3","20.17"
"2023","Júnior","de R$ 3.001/mês a R$ 4.000/mês","195","4","18.64"
"2023","Júnior","de R$ 4.001/mês a R$ 6.000/mês","294","5","28.11"
"2023","Júnior","de R$ 6.001/mês a R$ 8.000/mês","79","6","7.55"
"2023","Júnior","de R$ 8.001/mês a R$ 12.000/mês","43","7","4.11"
"2023","Júnior","de R$ 12.001/mês a R$ 16.000/mês","5","8","0.48"
"2023","Júnior","de R$ 16.001/mês a R$ 20.000/mês","3","9","0.29"
"2023","Pleno","Menos de R$ 1.000/mês","3","1","0.22"
"2023","Pleno","de R$ 1.001/mês a R$ 2.000/mês","16","2","1.15"
"2023","Pleno","de R$ 2.001/mês a R$ 3.000/mês","52","3","3.74"
"2023","Pleno","de R$ 3.001/mês a R$ 4.000/mês","126","4","9.05"
"2023","Pleno","de R$ 4.001/mês a R$ 6.000/mês","356","5","25.57"
"2023","Pleno","de R$ 6.001/mês a R$ 8.000/mês","369","6","26.51"
"2023","Pleno","de R$ 8.001/mês a R$ 12.000/mês","351","7","25.22"
"2023","Pleno","de R$ 12.001/mês a R$ 16.000/mês","80","8","5.75"
"2023","Pleno","de R$ 16.001/mês a R$ 20.000/mês","20","9","1.44"
"2023","Pleno","de R$ 20.001/mês a R$ 25.000/mês","7","10","0.5"
"2023","Pleno","de R$ 25.001/mês a R$ 30.000/mês","7","11","0.5"
"2023","Pleno","de R$ 30.001/mês a R$ 40.000/mês","3","12","0.22"
"2023","Pleno","Acima de R$ 40.001/mês","2","13","0.14"
"2023","Sênior","de R$ 1.001/mês a R$ 2.000/mês","1","2","0.07"
"2023","Sênior","de R$ 2.001/mês a R$ 3.000/mês","10","3","0.7"
"2023","Sênior","de R$ 3.001/mês a R$ 4.000/mês","12","4","0.85"
"2023","Sênior","de R$ 4.001/mês a R$ 6.000/mês","53","5","3.74"
"2023","Sênior","de R$ 6.001/mês a R$ 8.000/mês","133","6","9.37"
"2023","Sênior","de R$ 8.001/mês a R$ 12.000/mês","506","7","35.66"
"2023","Sênior","de R$ 12.001/mês a R$ 16.000/mês","393","8","27.7"
"2023","Sênior","de R$ 16.001/mês a R$ 20.000/mês","139","9","9.8"
"2023","Sênior","de R$ 20.001/mês a R$ 25.000/mês","73","10","5.14"
"2023","Sênior","de R$ 25.001/mês a R$ 30.000/mês","40","11","2.82"
"2023","Sênior","de R$ 30.001/mês a R$ 40.000/mês","33","12","2.33"
"2023","Sênior","Acima de R$ 40.001/mês","26","13","1.83"
"2024","Júnior","Menos de R$ 1.000/mês","26","1","3.0"
"2024","Júnior","de R$ 1.001/mês a R$ 2.000/mês","140","2","16.13"
"2024","Júnior","de R$ 2.001/mês a R$ 3.000/mês","188","3","21.66"
"2024","Júnior","de R$ 3.001/mês a R$ 4.000/mês","156","4","17.97"
"2024","Júnior","de R$ 4.001/mês a R$ 6.000/mês","218","5","25.12"
"2024","Júnior","de R$ 6.001/mês a R$ 8.000/mês","88","6","10.14"
"2024","Júnior","de R$ 8.001/mês a R$ 12.000/mês","40","7","4.61"
"2024","Júnior","de R$ 12.001/mês a R$ 16.000/mês","5","8","0.58"
"2024","Júnior","de R$ 16.001/mês a R$ 20.000/mês","2","9","0.23"
"2024","Júnior","de R$ 20.001/mês a R$ 25.000/mês","1","10","0.12"
"2024","Júnior","de R$ 25.001/mês a R$ 30.000/mês","2","11","0.23"
"2024","Júnior","de R$ 30.001/mês a R$ 40.000/mês","1","12","0.12"
"2024","Júnior","Acima de R$ 40.001/mês","1","13","0.12"
"2024","Pleno","Menos de R$ 1.000/mês","3","1","0.22"
"2024","Pleno","de R$ 1.001/mês a R$ 2.000/mês","8","2","0.58"
"2024","Pleno","de R$ 2.001/mês a R$ 3.000/mês","32","3","2.33"
"2024","Pleno","de R$ 3.001/mês a R$ 4.000/mês","88","4","6.4"
"2024","Pleno","de R$ 4.001/mês a R$ 6.000/mês","311","5","22.6"
"2024","Pleno","de R$ 6.001/mês a R$ 8.000/mês","390","6","28.34"
"2024","Pleno","de R$ 8.001/mês a R$ 12.000/mês","416","7","30.23"
"2024","Pleno","de R$ 12.001/mês a R$ 16.000/mês","80","8","5.81"
"2024","Pleno","de R$ 16.001/mês a R$ 20.000/mês","24","9","1.74"
"2024","Pleno","de R$ 20.001/mês a R$ 25.000/mês","10","10","0.73"
"2024","Pleno","de R$ 25.001/mês a R$ 30.000/mês","5","11","0.36"
"2024","Pleno","de R$ 30.001/mês a R$ 40.000/mês","9","12","0.65"
"2024","Sênior","Menos de R$ 1.000/mês","1","1","0.06"
"2024","Sênior","de R$ 2.001/mês a R$ 3.000/mês","7","3","0.45"
"2024","Sênior","de R$ 3.001/mês a R$ 4.000/mês","9","4","0.57"
"2024","Sênior","de R$ 4.001/mês a R$ 6.000/mês","37","5","2.35"
"2024","Sênior","de R$ 6.001/mês a R$ 8.000/mês","121","6","7.7"
"2024","Sênior","de R$ 8.001/mês a R$ 12.000/mês","505","7","32.12"
"2024","Sênior","de R$ 12.001/mês a R$ 16.000/mês","452","8","28.75"
"2024","Sênior","de R$ 16.001/mês a R$ 20.000/mês","225","9","14.31"
"2024","Sênior","de R$ 20.001/mês a R$ 25.000/mês","82","10","5.22"
"2024","Sênior","de R$ 25.001/mês a R$ 30.000/mês","51","11","3.24"
"2024","Sênior","de R$ 30.001/mês a R$ 40.000/mês","51","12","3.24"
"2024","Sênior","Acima de R$ 40.001/mês","31","13","1.97"
"2025_2026","Especialista/Staff+","de R$ 4.001/mês a R$ 6.000/mês","2","5","0.57"
"2025_2026","Especialista/Staff+","de R$ 6.001/mês a R$ 8.000/mês","8","6","2.29"
"2025_2026","Especialista/Staff+","de R$ 8.001/mês a R$ 12.000/mês","47","7","13.47"
"2025_2026","Especialista/Staff+","de R$ 12.001/mês a R$ 16.000/mês","91","8","26.07"
"2025_2026","Especialista/Staff+","de R$ 16.001/mês a R$ 20.000/mês","80","9","22.92"
"2025_2026","Especialista/Staff+","de R$ 20.001/mês a R$ 25.000/mês","45","10","12.89"
"2025_2026","Especialista/Staff+","de R$ 25.001/mês a R$ 30.000/mês","23","11","6.59"
"2025_2026","Especialista/Staff+","de R$ 30.001/mês a R$ 40.000/mês","29","12","8.31"
"2025_2026","Especialista/Staff+","Acima de R$ 40.001/mês","24","13","6.88"
"2025_2026","Júnior","Menos de R$ 1.000/mês","17","1","3.28"
"2025_2026","Júnior","de R$ 1.001/mês a R$ 2.000/mês","100","2","19.31"
"2025_2026","Júnior","de R$ 2.001/mês a R$ 3.000/mês","98","3","18.92"
"2025_2026","Júnior","de R$ 3.001/mês a R$ 4.000/mês","88","4","16.99"
"2025_2026","Júnior","de R$ 4.001/mês a R$ 6.000/mês","122","5","23.55"
"2025_2026","Júnior","de R$ 6.001/mês a R$ 8.000/mês","47","6","9.07"
"2025_2026","Júnior","de R$ 8.001/mês a R$ 12.000/mês","38","7","7.34"
"2025_2026","Júnior","de R$ 12.001/mês a R$ 16.000/mês","7","8","1.35"
"2025_2026","Júnior","de R$ 20.001/mês a R$ 25.000/mês","1","10","0.19"
"2025_2026","Pleno","de R$ 1.001/mês a R$ 2.000/mês","11","2","1.42"
"2025_2026","Pleno","de R$ 2.001/mês a R$ 3.000/mês","20","3","2.58"
"2025_2026","Pleno","de R$ 3.001/mês a R$ 4.000/mês","49","4","6.32"
"2025_2026","Pleno","de R$ 4.001/mês a R$ 6.000/mês","162","5","20.9"
"2025_2026","Pleno","de R$ 6.001/mês a R$ 8.000/mês","194","6","25.03"
"2025_2026","Pleno","de R$ 8.001/mês a R$ 12.000/mês","253","7","32.65"
"2025_2026","Pleno","de R$ 12.001/mês a R$ 16.000/mês","63","8","8.13"
"2025_2026","Pleno","de R$ 16.001/mês a R$ 20.000/mês","7","9","0.9"
"2025_2026","Pleno","de R$ 20.001/mês a R$ 25.000/mês","5","10","0.65"
"2025_2026","Pleno","de R$ 25.001/mês a R$ 30.000/mês","4","11","0.52"
"2025_2026","Pleno","de R$ 30.001/mês a R$ 40.000/mês","5","12","0.65"
"2025_2026","Pleno","Acima de R$ 40.001/mês","2","13","0.26"
"2025_2026","Sênior","de R$ 1.001/mês a R$ 2.000/mês","3","2","0.35"
"2025_2026","Sênior","de R$ 2.001/mês a R$ 3.000/mês","6","3","0.7"
"2025_2026","Sênior","de R$ 3.001/mês a R$ 4.000/mês","11","4","1.28"
"2025_2026","Sênior","de R$ 4.001/mês a R$ 6.000/mês","34","5","3.96"
"2025_2026","Sênior","de R$ 6.001/mês a R$ 8.000/mês","79","6","9.21"
"2025_2026","Sênior","de R$ 8.001/mês a R$ 12.000/mês","278","7","32.4"
"2025_2026","Sênior","de R$ 12.001/mês a R$ 16.000/mês","202","8","23.54"
"2025_2026","Sênior","de R$ 16.001/mês a R$ 20.000/mês","117","9","13.64"
"2025_2026","Sênior","de R$ 20.001/mês a R$ 25.000/mês","47","10","5.48"
"2025_2026","Sênior","de R$ 25.001/mês a R$ 30.000/mês","31","11","3.61"
"2025_2026","Sênior","de R$ 30.001/mês a R$ 40.000/mês","24","12","2.8"
"2025_2026","Sênior","Acima de R$ 40.001/mês","26","13","3.03"
