"ano_pesquisa","cargo_atual","senioridade","quantidade","percentual","base_respostas_validas","total_respondentes_ano","cobertura_percentual"
"2023","Analista de BI/BI Analyst","Júnior","176","4.56","3857","5293","72.87"
"2023","Analista de BI/BI Analyst","Pleno","200","5.19","3857","5293","72.87"
"2023","Analista de BI/BI Analyst","Sênior","130","3.37","3857","5293","72.87"
"2023","Analista de Dados/Data Analyst","Júnior","277","7.18","3857","5293","72.87"
"2023","Analista de Dados/Data Analyst","Pleno","360","9.33","3857","5293","72.87"
"2023","Analista de Dados/Data Analyst","Sênior","270","7.0","3857","5293","72.87"
"2023","Analista de Inteligência de Mercado/Market Intelligence","Júnior","16","0.41","3857","5293","72.87"
"2023","Analista de Inteligência de Mercado/Market Intelligence","Pleno","15","0.39","3857","5293","72.87"
"2023","Analista de Inteligência de Mercado/Market Intelligence","Sênior","8","0.21","3857","5293","72.87"
"2023","Analista de Negócios/Business Analyst","Júnior","43","1.11","3857","5293","72.87"
"2023","Analista de Negócios/Business Analyst","Pleno","69","1.79","3857","5293","72.87"
"2023","Analista de Negócios/Business Analyst","Sênior","83","2.15","3857","5293","72.87"
"2023","Analista de Suporte/Analista Técnico","Júnior","26","0.67","3857","5293","72.87"
"2023","Analista de Suporte/Analista Técnico","Pleno","31","0.8","3857","5293","72.87"
"2023","Analista de Suporte/Analista Técnico","Sênior","15","0.39","3857","5293","72.87"
"2023","Analytics Engineer","Júnior","18","0.47","3857","5293","72.87"
"2023","Analytics Engineer","Pleno","52","1.35","3857","5293","72.87"
"2023","Analytics Engineer","Sênior","69","1.79","3857","5293","72.87"
"2023","Cientista de Dados/Data Scientist","Júnior","165","4.28","3857","5293","72.87"
"2023","Cientista de Dados/Data Scientist","Pleno","250","6.48","3857","5293","72.87"
"2023","Cientista de Dados/Data Scientist","Sênior","272","7.05","3857","5293","72.87"
"2023","DBA/Administrador de Banco de Dados","Júnior","2","0.05","3857","5293","72.87"
"2023","DBA/Administrador de Banco de Dados","Pleno","5","0.13","3857","5293","72.87"
"2023","DBA/Administrador de Banco de Dados","Sênior","13","0.34","3857","5293","72.87"
"2023","Data Product Manager/ Product Manager (PM/APM/DPM/GPM/PO)","Júnior","8","0.21","3857","5293","72.87"
"2023","Data Product Manager/ Product Manager (PM/APM/DPM/GPM/PO)","Pleno","18","0.47","3857","5293","72.87"
"2023","Data Product Manager/ Product Manager (PM/APM/DPM/GPM/PO)","Sênior","55","1.43","3857","5293","72.87"
"2023","Desenvolvedor/ Engenheiro de Software/ Analista de Sistemas","Júnior","28","0.73","3857","5293","72.87"
"2023","Desenvolvedor/ Engenheiro de Software/ Analista de Sistemas","Pleno","26","0.67","3857","5293","72.87"
"2023","Desenvolvedor/ Engenheiro de Software/ Analista de Sistemas","Sênior","51","1.32","3857","5293","72.87"
"2023","Economista","Júnior","1","0.03","3857","5293","72.87"
"2023","Economista","Pleno","2","0.05","3857","5293","72.87"
"2023","Economista","Sênior","2","0.05","3857","5293","72.87"
"2023","Engenheiro de Dados/Arquiteto de Dados/Data Engineer/Data Architect","Júnior","125","3.24","3857","5293","72.87"
"2023","Engenheiro de Dados/Arquiteto de Dados/Data Engineer/Data Architect","Pleno","234","6.07","3857","5293","72.87"
"2023","Engenheiro de Dados/Arquiteto de Dados/Data Engineer/Data Architect","Sênior","325","8.43","3857","5293","72.87"
"2023","Engenheiro de Machine Learning/ML Engineer/AI Engineer","Júnior","16","0.41","3857","5293","72.87"
"2023","Engenheiro de Machine Learning/ML Engineer/AI Engineer","Pleno","30","0.78","3857","5293","72.87"
"2023","Engenheiro de Machine Learning/ML Engineer/AI Engineer","Sênior","29","0.75","3857","5293","72.87"
"2023","Estatístico","Júnior","7","0.18","3857","5293","72.87"
"2023","Estatístico","Pleno","9","0.23","3857","5293","72.87"
"2023","Estatístico","Sênior","5","0.13","3857","5293","72.87"
"2023","Outra Opção","Júnior","122","3.16","3857","5293","72.87"
"2023","Outra Opção","Pleno","73","1.89","3857","5293","72.87"
"2023","Outra Opção","Sênior","67","1.74","3857","5293","72.87"
"2023","Outras Engenharias (não inclui dev)","Júnior","10","0.26","3857","5293","72.87"
"2023","Outras Engenharias (não inclui dev)","Pleno","9","0.23","3857","5293","72.87"
"2023","Outras Engenharias (não inclui dev)","Sênior","12","0.31","3857","5293","72.87"
"2023","Professor/Pesquisador","Júnior","6","0.16","3857","5293","72.87"
"2023","Professor/Pesquisador","Pleno","9","0.23","3857","5293","72.87"
"2023","Professor/Pesquisador","Sênior","13","0.34","3857","5293","72.87"
"2024","Analista de BI/BI Analyst","Júnior","126","3.3","3816","5215","73.17"
"2024","Analista de BI/BI Analyst","Pleno","168","4.4","3816","5215","73.17"
"2024","Analista de BI/BI Analyst","Sênior","102","2.67","3816","5215","73.17"
"2024","Analista de Dados/Data Analyst","Júnior","244","6.39","3816","5215","73.17"
"2024","Analista de Dados/Data Analyst","Pleno","391","10.25","3816","5215","73.17"
"2024","Analista de Dados/Data Analyst","Sênior","322","8.44","3816","5215","73.17"
"2024","Analista de Negócios/Business Analyst","Júnior","35","0.92","3816","5215","73.17"
"2024","Analista de Negócios/Business Analyst","Pleno","66","1.73","3816","5215","73.17"
"2024","Analista de Negócios/Business Analyst","Sênior","83","2.18","3816","5215","73.17"
"2024","Analista de Suporte/Analista Técnico","Júnior","29","0.76","3816","5215","73.17"
"2024","Analista de Suporte/Analista Técnico","Pleno","30","0.79","3816","5215","73.17"
"2024","Analista de Suporte/Analista Técnico","Sênior","19","0.5","3816","5215","73.17"
"2024","Analytics Engineer","Júnior","30","0.79","3816","5215","73.17"
"2024","Analytics Engineer","Pleno","83","2.18","3816","5215","73.17"
"2024","Analytics Engineer","Sênior","115","3.01","3816","5215","73.17"
"2024","Arquiteto de Dados/Data Architect","Júnior","1","0.03","3816","5215","73.17"
"2024","Arquiteto de Dados/Data Architect","Pleno","10","0.26","3816","5215","73.17"
"2024","Arquiteto de Dados/Data Architect","Sênior","37","0.97","3816","5215","73.17"
"2024","Cientista de Dados/Data Scientist","Júnior","118","3.09","3816","5215","73.17"
"2024","Cientista de Dados/Data Scientist","Pleno","230","6.03","3816","5215","73.17"
"2024","Cientista de Dados/Data Scientist","Sênior","339","8.88","3816","5215","73.17"
"2024","Data Product Manager/ Product Manager (PM/APM/DPM/GPM/PO)","Júnior","4","0.1","3816","5215","73.17"
"2024","Data Product Manager/ Product Manager (PM/APM/DPM/GPM/PO)","Pleno","15","0.39","3816","5215","73.17"
"2024","Data Product Manager/ Product Manager (PM/APM/DPM/GPM/PO)","Sênior","61","1.6","3816","5215","73.17"
"2024","Desenvolvedor/ Engenheiro de Software/ Analista de Sistemas","Júnior","29","0.76","3816","5215","73.17"
"2024","Desenvolvedor/ Engenheiro de Software/ Analista de Sistemas","Pleno","49","1.28","3816","5215","73.17"
"2024","Desenvolvedor/ Engenheiro de Software/ Analista de Sistemas","Sênior","44","1.15","3816","5215","73.17"
"2024","Engenheiro de Dados/Data Engineer/Data Architect","Júnior","92","2.41","3816","5215","73.17"
"2024","Engenheiro de Dados/Data Engineer/Data Architect","Pleno","211","5.53","3816","5215","73.17"
"2024","Engenheiro de Dados/Data Engineer/Data Architect","Sênior","309","8.1","3816","5215","73.17"
"2024","Engenheiro de Machine Learning/ML Engineer/AI Engineer","Júnior","9","0.24","3816","5215","73.17"
"2024","Engenheiro de Machine Learning/ML Engineer/AI Engineer","Pleno","36","0.94","3816","5215","73.17"
"2024","Engenheiro de Machine Learning/ML Engineer/AI Engineer","Sênior","58","1.52","3816","5215","73.17"
"2024","Estatístico","Júnior","5","0.13","3816","5215","73.17"
"2024","Estatístico","Pleno","7","0.18","3816","5215","73.17"
"2024","Estatístico","Sênior","5","0.13","3816","5215","73.17"
"2024","Outra Opção","Júnior","135","3.54","3816","5215","73.17"
"2024","Outra Opção","Pleno","59","1.55","3816","5215","73.17"
"2024","Outra Opção","Sênior","60","1.57","3816","5215","73.17"
"2024","Outras Engenharias (não inclui dev)","Júnior","6","0.16","3816","5215","73.17"
"2024","Outras Engenharias (não inclui dev)","Pleno","14","0.37","3816","5215","73.17"
"2024","Outras Engenharias (não inclui dev)","Sênior","9","0.24","3816","5215","73.17"
"2024","Professor/Pesquisador","Júnior","5","0.13","3816","5215","73.17"
"2024","Professor/Pesquisador","Pleno","7","0.18","3816","5215","73.17"
"2024","Professor/Pesquisador","Sênior","9","0.24","3816","5215","73.17"
"2025_2026","Analista de BI/BI Analyst","Especialista/Staff+","17","0.68","2500","3494","71.55"
"2025_2026","Analista de BI/BI Analyst","Júnior","57","2.28","2500","3494","71.55"
"2025_2026","Analista de BI/BI Analyst","Pleno","82","3.28","2500","3494","71.55"
"2025_2026","Analista de BI/BI Analyst","Sênior","59","2.36","2500","3494","71.55"
"2025_2026","Analista de Dados/Data Analyst","Especialista/Staff+","59","2.36","2500","3494","71.55"
"2025_2026","Analista de Dados/Data Analyst","Júnior","145","5.8","2500","3494","71.55"
"2025_2026","Analista de Dados/Data Analyst","Pleno","211","8.44","2500","3494","71.55"
"2025_2026","Analista de Dados/Data Analyst","Sênior","184","7.36","2500","3494","71.55"
"2025_2026","Analista de Negócios/Business Analyst","Especialista/Staff+","18","0.72","2500","3494","71.55"
"2025_2026","Analista de Negócios/Business Analyst","Júnior","22","0.88","2500","3494","71.55"
"2025_2026","Analista de Negócios/Business Analyst","Pleno","53","2.12","2500","3494","71.55"
"2025_2026","Analista de Negócios/Business Analyst","Sênior","48","1.92","2500","3494","71.55"
"2025_2026","Analista de Suporte/Analista Técnico","Júnior","20","0.8","2500","3494","71.55"
"2025_2026","Analista de Suporte/Analista Técnico","Pleno","20","0.8","2500","3494","71.55"
"2025_2026","Analista de Suporte/Analista Técnico","Sênior","15","0.6","2500","3494","71.55"
"2025_2026","Analytics Engineer","Especialista/Staff+","24","0.96","2500","3494","71.55"
"2025_2026","Analytics Engineer","Júnior","11","0.44","2500","3494","71.55"
"2025_2026","Analytics Engineer","Pleno","41","1.64","2500","3494","71.55"
"2025_2026","Analytics Engineer","Sênior","59","2.36","2500","3494","71.55"
"2025_2026","Arquiteto de Dados/Data Architect","Especialista/Staff+","13","0.52","2500","3494","71.55"
"2025_2026","Arquiteto de Dados/Data Architect","Júnior","2","0.08","2500","3494","71.55"
"2025_2026","Arquiteto de Dados/Data Architect","Pleno","3","0.12","2500","3494","71.55"
"2025_2026","Arquiteto de Dados/Data Architect","Sênior","10","0.4","2500","3494","71.55"
"2025_2026","Cientista de Dados/Data Scientist","Especialista/Staff+","72","2.88","2500","3494","71.55"
"2025_2026","Cientista de Dados/Data Scientist","Júnior","65","2.6","2500","3494","71.55"
"2025_2026","Cientista de Dados/Data Scientist","Pleno","139","5.56","2500","3494","71.55"
"2025_2026","Cientista de Dados/Data Scientist","Sênior","147","5.88","2500","3494","71.55"
"2025_2026","Data Product Manager/ Product Manager (PM/APM/DPM/GPM/PO)","Especialista/Staff+","10","0.4","2500","3494","71.55"
"2025_2026","Data Product Manager/ Product Manager (PM/APM/DPM/GPM/PO)","Pleno","4","0.16","2500","3494","71.55"
"2025_2026","Data Product Manager/ Product Manager (PM/APM/DPM/GPM/PO)","Sênior","19","0.76","2500","3494","71.55"
"2025_2026","Desenvolvedor/ Engenheiro de Software/ Analista de Sistemas","Especialista/Staff+","14","0.56","2500","3494","71.55"
"2025_2026","Desenvolvedor/ Engenheiro de Software/ Analista de Sistemas","Júnior","24","0.96","2500","3494","71.55"
"2025_2026","Desenvolvedor/ Engenheiro de Software/ Analista de Sistemas","Pleno","27","1.08","2500","3494","71.55"
"2025_2026","Desenvolvedor/ Engenheiro de Software/ Analista de Sistemas","Sênior","41","1.64","2500","3494","71.55"
"2025_2026","Engenheiro de Dados/Data Engineer/Data Architect","Especialista/Staff+","62","2.48","2500","3494","71.55"
"2025_2026","Engenheiro de Dados/Data Engineer/Data Architect","Júnior","49","1.96","2500","3494","71.55"
"2025_2026","Engenheiro de Dados/Data Engineer/Data Architect","Pleno","109","4.36","2500","3494","71.55"
"2025_2026","Engenheiro de Dados/Data Engineer/Data Architect","Sênior","182","7.28","2500","3494","71.55"
"2025_2026","Engenheiro de Machine Learning/ML Engineer/AI Engineer","Especialista/Staff+","27","1.08","2500","3494","71.55"
"2025_2026","Engenheiro de Machine Learning/ML Engineer/AI Engineer","Júnior","21","0.84","2500","3494","71.55"
"2025_2026","Engenheiro de Machine Learning/ML Engineer/AI Engineer","Pleno","16","0.64","2500","3494","71.55"
"2025_2026","Engenheiro de Machine Learning/ML Engineer/AI Engineer","Sênior","42","1.68","2500","3494","71.55"
"2025_2026","Estatístico","Especialista/Staff+","1","0.04","2500","3494","71.55"
"2025_2026","Estatístico","Júnior","4","0.16","2500","3494","71.55"
"2025_2026","Estatístico","Pleno","3","0.12","2500","3494","71.55"
"2025_2026","Estatístico","Sênior","1","0.04","2500","3494","71.55"
"2025_2026","Outra Opção","Especialista/Staff+","22","0.88","2500","3494","71.55"
"2025_2026","Outra Opção","Júnior","90","3.6","2500","3494","71.55"
"2025_2026","Outra Opção","Pleno","55","2.2","2500","3494","71.55"
"2025_2026","Outra Opção","Sênior","39","1.56","2500","3494","71.55"
"2025_2026","Outras Engenharias (não inclui dev)","Especialista/Staff+","7","0.28","2500","3494","71.55"
"2025_2026","Outras Engenharias (não inclui dev)","Júnior","5","0.2","2500","3494","71.55"
"2025_2026","Outras Engenharias (não inclui dev)","Pleno","8","0.32","2500","3494","71.55"
"2025_2026","Outras Engenharias (não inclui dev)","Sênior","6","0.24","2500","3494","71.55"
"2025_2026","Professor/Pesquisador","Especialista/Staff+","3","0.12","2500","3494","71.55"
"2025_2026","Professor/Pesquisador","Júnior","3","0.12","2500","3494","71.55"
"2025_2026","Professor/Pesquisador","Pleno","4","0.16","2500","3494","71.55"
"2025_2026","Professor/Pesquisador","Sênior","6","0.24","2500","3494","71.55"
