"ano_pesquisa","categoria","tecnologia","quantidade","base_respostas_validas","total_respondentes_ano","percentual_respondentes","cobertura_percentual","tipo_resposta","ranking"
"2023","Banco de dados utilizado","SQL Server","1210","3772","5293","32.08","71.26","Múltipla","1"
"2023","Banco de dados utilizado","PostgreSQL","1068","3772","5293","28.31","71.26","Múltipla","2"
"2023","Banco de dados utilizado","Google BigQuery","983","3772","5293","26.06","71.26","Múltipla","3"
"2023","Banco de dados utilizado","MySQL","927","3772","5293","24.58","71.26","Múltipla","4"
"2023","Banco de dados utilizado","Databricks","806","3772","5293","21.37","71.26","Múltipla","5"
"2023","Banco de dados utilizado","S3","789","3772","5293","20.92","71.26","Múltipla","6"
"2023","Banco de dados utilizado","Oracle","686","3772","5293","18.19","71.26","Múltipla","7"
"2023","Banco de dados utilizado","Amazon Athena","451","3772","5293","11.96","71.26","Múltipla","8"
"2023","Banco de dados utilizado","MongoDB","428","3772","5293","11.35","71.26","Múltipla","9"
"2023","Banco de dados utilizado","Amazon Redshift","414","3772","5293","10.98","71.26","Múltipla","10"
"2023","Banco de dados utilizado","Hive","294","3772","5293","7.79","71.26","Múltipla","11"
"2023","Banco de dados utilizado","Amazon Aurora ou RDS","241","3772","5293","6.39","71.26","Múltipla","12"
"2023","Banco de dados utilizado","Snowflake","220","3772","5293","5.83","71.26","Múltipla","13"
"2023","Banco de dados utilizado","SAP HANA","211","3772","5293","5.59","71.26","Múltipla","14"
"2023","Banco de dados utilizado","DynamoDB","208","3772","5293","5.51","71.26","Múltipla","15"
"2023","Banco de dados utilizado","SQLite","179","3772","5293","4.75","71.26","Múltipla","16"
"2023","Banco de dados utilizado","Elasticsearch","149","3772","5293","3.95","71.26","Múltipla","17"
"2023","Banco de dados utilizado","Presto","139","3772","5293","3.69","71.26","Múltipla","18"
"2023","Banco de dados utilizado","Microsoft Access","129","3772","5293","3.42","71.26","Múltipla","19"
"2023","Banco de dados utilizado","MariaDB","124","3772","5293","3.29","71.26","Múltipla","20"
"2023","Banco de dados utilizado","Firebase","104","3772","5293","2.76","71.26","Múltipla","21"
"2023","Banco de dados utilizado","DB2","100","3772","5293","2.65","71.26","Múltipla","22"
"2023","Banco de dados utilizado","Redis","100","3772","5293","2.65","71.26","Múltipla","23"
"2023","Banco de dados utilizado","Google Firestore","65","3772","5293","1.72","71.26","Múltipla","24"
"2023","Banco de dados utilizado","Splunk","49","3772","5293","1.3","71.26","Múltipla","25"
"2023","Banco de dados utilizado","Firebird","43","3772","5293","1.14","71.26","Múltipla","26"
"2023","Banco de dados utilizado","Cassandra","42","3772","5293","1.11","71.26","Múltipla","27"
"2023","Banco de dados utilizado","Neo4J","34","3772","5293","0.9","71.26","Múltipla","28"
"2023","Banco de dados utilizado","Sybase","29","3772","5293","0.77","71.26","Múltipla","29"
"2023","Banco de dados utilizado","Teradata","28","3772","5293","0.74","71.26","Múltipla","30"
"2023","Banco de dados utilizado","HBase","24","3772","5293","0.64","71.26","Múltipla","31"
"2023","Banco de dados utilizado","Nenhum","21","3772","5293","0.56","71.26","Múltipla","32"
"2023","Banco de dados utilizado","Datomic","20","3772","5293","0.53","71.26","Múltipla","33"
"2023","Banco de dados utilizado","Excel","19","3772","5293","0.5","71.26","Múltipla","34"
"2023","Banco de dados utilizado","Vertica","11","3772","5293","0.29","71.26","Múltipla","35"
"2023","Banco de dados utilizado","Denodo","11","3772","5293","0.29","71.26","Múltipla","36"
"2023","Banco de dados utilizado","Azure","7","3772","5293","0.19","71.26","Múltipla","37"
"2023","Banco de dados utilizado","Não utilizo","6","3772","5293","0.16","71.26","Múltipla","38"
"2023","Banco de dados utilizado","SAS","6","3772","5293","0.16","71.26","Múltipla","39"
"2023","Banco de dados utilizado","Clickhouse","6","3772","5293","0.16","71.26","Múltipla","40"
"2023","Banco de dados utilizado","Sharepoint","5","3772","5293","0.13","71.26","Múltipla","41"
"2023","Banco de dados utilizado","não utilizo","4","3772","5293","0.11","71.26","Múltipla","42"
"2023","Banco de dados utilizado","nenhum","4","3772","5293","0.11","71.26","Múltipla","43"
"2023","Banco de dados utilizado","Azure Blob Storage","4","3772","5293","0.11","71.26","Múltipla","44"
"2023","Banco de dados utilizado","Google Cloud Storage","4","3772","5293","0.11","71.26","Múltipla","45"
"2023","Banco de dados utilizado","Nenhuma","4","3772","5293","0.11","71.26","Múltipla","46"
"2023","Banco de dados utilizado","CoachDB","4","3772","5293","0.11","71.26","Múltipla","47"
"2023","Banco de dados utilizado","Trino","3","3772","5293","0.08","71.26","Múltipla","48"
"2023","Banco de dados utilizado","Salesforce","3","3772","5293","0.08","71.26","Múltipla","49"
"2023","Banco de dados utilizado","Planilhas","3","3772","5293","0.08","71.26","Múltipla","50"
"2023","Banco de dados utilizado","Não uso","3","3772","5293","0.08","71.26","Múltipla","51"
"2023","Banco de dados utilizado","Azure Synapse","3","3772","5293","0.08","71.26","Múltipla","52"
"2023","Banco de dados utilizado","Metabase","3","3772","5293","0.08","71.26","Múltipla","53"
"2023","Banco de dados utilizado","Azure Data Lake Storage","3","3772","5293","0.08","71.26","Múltipla","54"
"2023","Banco de dados utilizado","APIs","2","3772","5293","0.05","71.26","Múltipla","55"
"2023","Banco de dados utilizado","Blob Storage","2","3772","5293","0.05","71.26","Múltipla","56"
"2023","Banco de dados utilizado","CSV","2","3772","5293","0.05","71.26","Múltipla","57"
"2023","Banco de dados utilizado","Nao utilizo","2","3772","5293","0.05","71.26","Múltipla","58"
"2023","Banco de dados utilizado","Impala","2","3772","5293","0.05","71.26","Múltipla","59"
"2023","Banco de dados utilizado","NA","2","3772","5293","0.05","71.26","Múltipla","60"
"2023","Banco de dados utilizado","teradata","2","3772","5293","0.05","71.26","Múltipla","61"
"2023","Banco de dados utilizado","CosmosDB","2","3772","5293","0.05","71.26","Múltipla","62"
"2023","Banco de dados utilizado","Synapse Analytics","2","3772","5293","0.05","71.26","Múltipla","63"
"2023","Banco de dados utilizado","Caché","2","3772","5293","0.05","71.26","Múltipla","64"
"2023","Banco de dados utilizado",".","2","3772","5293","0.05","71.26","Múltipla","65"
"2023","Banco de dados utilizado","Bigquery","2","3772","5293","0.05","71.26","Múltipla","66"
"2023","Banco de dados utilizado","Google BigTable","2","3772","5293","0.05","71.26","Múltipla","67"
"2023","Banco de dados utilizado","Cloud Storage","2","3772","5293","0.05","71.26","Múltipla","68"
"2023","Banco de dados utilizado","Progress","2","3772","5293","0.05","71.26","Múltipla","69"
"2023","Banco de dados utilizado","SAS GUIDE","1","3772","5293","0.03","71.26","Múltipla","70"
"2023","Banco de dados utilizado","Sas","1","3772","5293","0.03","71.26","Múltipla","71"
"2023","Banco de dados utilizado","DremIO","1","3772","5293","0.03","71.26","Múltipla","72"
"2023","Banco de dados utilizado","memgraph","1","3772","5293","0.03","71.26","Múltipla","73"
"2023","Banco de dados utilizado","Interbase","1","3772","5293","0.03","71.26","Múltipla","74"
"2023","Banco de dados utilizado","NÃO SE APLICA","1","3772","5293","0.03","71.26","Múltipla","75"
"2023","Banco de dados utilizado","Azure SQL","1","3772","5293","0.03","71.26","Múltipla","76"
"2023","Banco de dados utilizado","Google cloud storage","1","3772","5293","0.03","71.26","Múltipla","77"
"2023","Banco de dados utilizado","Workflow","1","3772","5293","0.03","71.26","Múltipla","78"
"2023","Banco de dados utilizado","Denodo - Virtualizador","1","3772","5293","0.03","71.26","Múltipla","79"
"2023","Banco de dados utilizado","Storage da Azure","1","3772","5293","0.03","71.26","Múltipla","80"
"2023","Banco de dados utilizado","Azzure","1","3772","5293","0.03","71.26","Múltipla","81"
"2023","Banco de dados utilizado","diretamente das ferramentas","1","3772","5293","0.03","71.26","Múltipla","82"
"2023","Banco de dados utilizado","Microsoft Office","1","3772","5293","0.03","71.26","Múltipla","83"
"2023","Banco de dados utilizado","Nenhuma delas","1","3772","5293","0.03","71.26","Múltipla","84"
"2023","Banco de dados utilizado","Servidor interno","1","3772","5293","0.03","71.26","Múltipla","85"
"2023","Banco de dados utilizado","Cosmos","1","3772","5293","0.03","71.26","Múltipla","86"
"2023","Banco de dados utilizado","Nemhuma","1","3772","5293","0.03","71.26","Múltipla","87"
"2023","Banco de dados utilizado","Jepto","1","3772","5293","0.03","71.26","Múltipla","88"
"2023","Banco de dados utilizado","ADLS","1","3772","5293","0.03","71.26","Múltipla","89"
"2023","Banco de dados utilizado","Salesforce Data Cloud","1","3772","5293","0.03","71.26","Múltipla","90"
"2023","Banco de dados utilizado","MobaXTerm","1","3772","5293","0.03","71.26","Múltipla","91"
"2023","Banco de dados utilizado","Power Query","1","3772","5293","0.03","71.26","Múltipla","92"
"2023","Banco de dados utilizado","Excel usado como database","1","3772","5293","0.03","71.26","Múltipla","93"
"2023","Banco de dados utilizado","Salesforce SOQL","1","3772","5293","0.03","71.26","Múltipla","94"
"2023","Banco de dados utilizado","Depende do projeto","1","3772","5293","0.03","71.26","Múltipla","95"
"2023","Banco de dados utilizado","SingleStore","1","3772","5293","0.03","71.26","Múltipla","96"
"2023","Banco de dados utilizado","RudderStack","1","3772","5293","0.03","71.26","Múltipla","97"
"2023","Banco de dados utilizado","Dados de sequenciamento de nova geração","1","3772","5293","0.03","71.26","Múltipla","98"
"2023","Banco de dados utilizado","Azure Data Lake Storage Gen2","1","3772","5293","0.03","71.26","Múltipla","99"
"2023","Banco de dados utilizado","PLSQL","1","3772","5293","0.03","71.26","Múltipla","100"
"2023","Banco de dados utilizado","azure gen2","1","3772","5293","0.03","71.26","Múltipla","101"
"2023","Banco de dados utilizado","por ser consultoria varia muito","1","3772","5293","0.03","71.26","Múltipla","102"
"2023","Banco de dados utilizado","nenhum. tudo em excel por enquanto. tentando migrar p banco sql","1","3772","5293","0.03","71.26","Múltipla","103"
"2023","Banco de dados utilizado","Flutter Hive","1","3772","5293","0.03","71.26","Múltipla","104"
"2023","Banco de dados utilizado","Chroma","1","3772","5293","0.03","71.26","Múltipla","105"
"2023","Banco de dados utilizado","Drive e Airtable","1","3772","5293","0.03","71.26","Múltipla","106"
"2023","Banco de dados utilizado","ADABAS","1","3772","5293","0.03","71.26","Múltipla","107"
"2023","Banco de dados utilizado","Nubank","1","3772","5293","0.03","71.26","Múltipla","108"
"2023","Banco de dados utilizado","Não tenho um banco de dados no meu trabalho. Nós utilizamos o Sharepoint como armazenamento de dados","1","3772","5293","0.03","71.26","Múltipla","109"
"2023","Banco de dados utilizado","MUMPS","1","3772","5293","0.03","71.26","Múltipla","110"
"2023","Banco de dados utilizado","Nenhum desses","1","3772","5293","0.03","71.26","Múltipla","111"
"2023","Banco de dados utilizado","Fivetran","1","3772","5293","0.03","71.26","Múltipla","112"
"2023","Banco de dados utilizado","Impala SQL","1","3772","5293","0.03","71.26","Múltipla","113"
"2023","Banco de dados utilizado","GraphDB","1","3772","5293","0.03","71.26","Múltipla","114"
"2023","Banco de dados utilizado","Spark","1","3772","5293","0.03","71.26","Múltipla","115"
"2023","Banco de dados utilizado","Gauss DB","1","3772","5293","0.03","71.26","Múltipla","116"
"2023","Banco de dados utilizado","Não estou","1","3772","5293","0.03","71.26","Múltipla","117"
"2023","Banco de dados utilizado","trabalhando com dados","1","3772","5293","0.03","71.26","Múltipla","118"
"2023","Banco de dados utilizado","denodo","1","3772","5293","0.03","71.26","Múltipla","119"
"2023","Banco de dados utilizado","DENODO","1","3772","5293","0.03","71.26","Múltipla","120"
"2023","Banco de dados utilizado","Weaviate","1","3772","5293","0.03","71.26","Múltipla","121"
"2023","Banco de dados utilizado","milvus.db","1","3772","5293","0.03","71.26","Múltipla","122"
"2023","Banco de dados utilizado","Sistema da empresa","1","3772","5293","0.03","71.26","Múltipla","123"
"2023","Banco de dados utilizado","Qlik Sense","1","3772","5293","0.03","71.26","Múltipla","124"
"2023","Banco de dados utilizado","MaxDB","1","3772","5293","0.03","71.26","Múltipla","125"
"2023","Banco de dados utilizado","Azure - Synapse","1","3772","5293","0.03","71.26","Múltipla","126"
"2023","Banco de dados utilizado","IBM Netezza","1","3772","5293","0.03","71.26","Múltipla","127"
"2023","Banco de dados utilizado","Azure Storage","1","3772","5293","0.03","71.26","Múltipla","128"
"2023","Banco de dados utilizado","Redshift Athena","1","3772","5293","0.03","71.26","Múltipla","129"
"2023","Banco de dados utilizado","Netezza","1","3772","5293","0.03","71.26","Múltipla","130"
"2023","Banco de dados utilizado","ODS","1","3772","5293","0.03","71.26","Múltipla","131"
"2023","Banco de dados utilizado","API","1","3772","5293","0.03","71.26","Múltipla","132"
"2023","Banco de dados utilizado","não trabalho com dados","1","3772","5293","0.03","71.26","Múltipla","133"
"2023","Banco de dados utilizado","Bases Privadas","1","3772","5293","0.03","71.26","Múltipla","134"
"2023","Banco de dados utilizado","Bigtable","1","3772","5293","0.03","71.26","Múltipla","135"
"2023","Banco de dados utilizado","Puxo os dados manualmente","1","3772","5293","0.03","71.26","Múltipla","136"
"2023","Banco de dados utilizado","Planilha","1","3772","5293","0.03","71.26","Múltipla","137"
"2023","Banco de dados utilizado","Google Spreadsheets","1","3772","5293","0.03","71.26","Múltipla","138"
"2023","Banco de dados utilizado","Não trabalho na área","1","3772","5293","0.03","71.26","Múltipla","139"
"2023","Banco de dados utilizado","Não uso.","1","3772","5293","0.03","71.26","Múltipla","140"
"2023","Banco de dados utilizado","n/a","1","3772","5293","0.03","71.26","Múltipla","141"
"2023","Banco de dados utilizado","Main fraime","1","3772","5293","0.03","71.26","Múltipla","142"
"2023","Banco de dados utilizado","Mongo DB","1","3772","5293","0.03","71.26","Múltipla","143"
"2023","Banco de dados utilizado","hadoop/hdfs","1","3772","5293","0.03","71.26","Múltipla","144"
"2023","Banco de dados utilizado","Power Dataverse","1","3772","5293","0.03","71.26","Múltipla","145"
"2023","Banco de dados utilizado","J","1","3772","5293","0.03","71.26","Múltipla","146"
"2023","Banco de dados utilizado","Plataforma própria","1","3772","5293","0.03","71.26","Múltipla","147"
"2023","Banco de dados utilizado","API rest","1","3772","5293","0.03","71.26","Múltipla","148"
"2023","Banco de dados utilizado","sap","1","3772","5293","0.03","71.26","Múltipla","149"
"2023","Banco de dados utilizado","GS","1","3772","5293","0.03","71.26","Múltipla","150"
"2023","Banco de dados utilizado","Kobo Toolbox","1","3772","5293","0.03","71.26","Múltipla","151"
"2023","Banco de dados utilizado","Essbase Multidimensional","1","3772","5293","0.03","71.26","Múltipla","152"
"2023","Banco de dados utilizado","HPCC","1","3772","5293","0.03","71.26","Múltipla","153"
"2023","Banco de dados utilizado","Scylla","1","3772","5293","0.03","71.26","Múltipla","154"
"2023","Banco de dados utilizado","infelizmente","1","3772","5293","0.03","71.26","Múltipla","155"
"2023","Banco de dados utilizado","Dados de pesquisas realizadas","1","3772","5293","0.03","71.26","Múltipla","156"
"2023","Banco de dados utilizado","ClickHouse","1","3772","5293","0.03","71.26","Múltipla","157"
"2023","Banco de dados utilizado","nenhuma","1","3772","5293","0.03","71.26","Múltipla","158"
"2023","Banco de dados utilizado","solr","1","3772","5293","0.03","71.26","Múltipla","159"
"2023","Banco de dados utilizado","Protheus","1","3772","5293","0.03","71.26","Múltipla","160"
"2023","Banco de dados utilizado","Nao trabalho ainda com dados :(","1","3772","5293","0.03","71.26","Múltipla","161"
"2023","Banco de dados utilizado","Não utilizo banco de dados em minha função.","1","3772","5293","0.03","71.26","Múltipla","162"
"2023","Banco de dados utilizado","não sou da área de ti","1","3772","5293","0.03","71.26","Múltipla","163"
"2023","Banco de dados utilizado","NÃO SEI DIZER","1","3772","5293","0.03","71.26","Múltipla","164"
"2023","Banco de dados utilizado","Redash","1","3772","5293","0.03","71.26","Múltipla","165"
"2023","Banco de dados utilizado","PEGADB","1","3772","5293","0.03","71.26","Múltipla","166"
"2023","Banco de dados utilizado","Airflow","1","3772","5293","0.03","71.26","Múltipla","167"
"2023","Banco de dados utilizado","Synapse Dedicated Pool","1","3772","5293","0.03","71.26","Múltipla","168"
"2023","Banco de dados utilizado","no momento não trabalho com banco de dados","1","3772","5293","0.03","71.26","Múltipla","169"
"2023","Banco de dados utilizado","Totvs","1","3772","5293","0.03","71.26","Múltipla","170"
"2023","Banco de dados utilizado","Azure Datahouse","1","3772","5293","0.03","71.26","Múltipla","171"
"2023","Banco de dados utilizado","ADLS gen2","1","3772","5293","0.03","71.26","Múltipla","172"
"2023","Banco de dados utilizado","outro","1","3772","5293","0.03","71.26","Múltipla","173"
"2023","Banco de dados utilizado","-","1","3772","5293","0.03","71.26","Múltipla","174"
"2023","Banco de dados utilizado","Microsoft Fabric","1","3772","5293","0.03","71.26","Múltipla","175"
"2023","Banco de dados utilizado","Não utilizamos","1","3772","5293","0.03","71.26","Múltipla","176"
"2023","Banco de dados utilizado","Dremio","1","3772","5293","0.03","71.26","Múltipla","177"
"2023","Banco de dados utilizado","Não chego a utilizar um banco","1","3772","5293","0.03","71.26","Múltipla","178"
"2023","Banco de dados utilizado","excel","1","3772","5293","0.03","71.26","Múltipla","179"
"2023","Banco de dados utilizado","Sistema Próprio","1","3772","5293","0.03","71.26","Múltipla","180"
"2023","Banco de dados utilizado","NENHUM","1","3772","5293","0.03","71.26","Múltipla","181"
"2023","Banco de dados utilizado","Chroma.db","1","3772","5293","0.03","71.26","Múltipla","182"
"2023","Banco de dados utilizado","DuckDB","1","3772","5293","0.03","71.26","Múltipla","183"
"2023","Banco de dados utilizado","Não trabalho na área de dados.","1","3772","5293","0.03","71.26","Múltipla","184"
"2023","Banco de dados utilizado","Google spreadsheet","1","3772","5293","0.03","71.26","Múltipla","185"
"2023","Banco de dados utilizado","Azure data Lake","1","3772","5293","0.03","71.26","Múltipla","186"
"2023","Banco de dados utilizado","Nenhuma da lista","1","3772","5293","0.03","71.26","Múltipla","187"
"2023","Banco de dados utilizado","RStudio","1","3772","5293","0.03","71.26","Múltipla","188"
"2023","Banco de dados utilizado","Ainda não utilizo banco de dados","1","3772","5293","0.03","71.26","Múltipla","189"
"2023","Banco de dados utilizado","Blobs","1","3772","5293","0.03","71.26","Múltipla","190"
"2023","Banco de dados utilizado","Power BI","1","3772","5293","0.03","71.26","Múltipla","191"
"2023","Banco de dados utilizado","Não atuo na área","1","3772","5293","0.03","71.26","Múltipla","192"
"2023","Banco de dados utilizado","SAP","1","3772","5293","0.03","71.26","Múltipla","193"
"2023","Banco de dados utilizado","Não utilizo banco de dados","1","3772","5293","0.03","71.26","Múltipla","194"
"2023","Banco de dados utilizado","Collective Access","1","3772","5293","0.03","71.26","Múltipla","195"
"2023","Banco de dados utilizado","Z","1","3772","5293","0.03","71.26","Múltipla","196"
"2023","Banco de dados utilizado","Blob storage gen 2","1","3772","5293","0.03","71.26","Múltipla","197"
"2023","Banco de dados utilizado","Não tenho acesso ao banco","1","3772","5293","0.03","71.26","Múltipla","198"
"2023","Banco de dados utilizado","SAP Hana","1","3772","5293","0.03","71.26","Múltipla","199"
"2023","Banco de dados utilizado","Não sei","1","3772","5293","0.03","71.26","Múltipla","200"
"2023","Banco de dados utilizado","Neogrid Visor","1","3772","5293","0.03","71.26","Múltipla","201"
"2023","Banco de dados utilizado","Informix","1","3772","5293","0.03","71.26","Múltipla","202"
"2023","Banco de dados utilizado","Apache Druid","1","3772","5293","0.03","71.26","Múltipla","203"
"2023","Banco de dados utilizado","IBM","1","3772","5293","0.03","71.26","Múltipla","204"
"2023","Banco de dados utilizado","Azure Databricks","1","3772","5293","0.03","71.26","Múltipla","205"
"2023","Cloud preferida","AWS","1640","3772","5293","43.48","71.26","Única","1"
"2023","Cloud preferida","GCP","1050","3772","5293","27.84","71.26","Única","2"
"2023","Cloud preferida","Azure","1018","3772","5293","26.99","71.26","Única","3"
"2023","Cloud preferida","Sem preferência / Não sei opinar","34","3772","5293","0.9","71.26","Única","4"
"2023","Cloud preferida","Oracle Cloud","5","3772","5293","0.13","71.26","Única","5"
"2023","Cloud preferida","Databricks","3","3772","5293","0.08","71.26","Única","6"
"2023","Cloud preferida","IBM Cloud","3","3772","5293","0.08","71.26","Única","7"
"2023","Cloud preferida","Cloud própria","2","3772","5293","0.05","71.26","Única","8"
"2023","Cloud preferida","Denodo","1","3772","5293","0.03","71.26","Única","9"
"2023","Cloud preferida","Huawei Cloud","1","3772","5293","0.03","71.26","Única","10"
"2023","Cloud preferida","Desconheço","1","3772","5293","0.03","71.26","Única","11"
"2023","Cloud preferida","Hibrida é o melhor caminha. OnPremise + Cloud Publica","1","3772","5293","0.03","71.26","Única","12"
"2023","Cloud preferida","Snowflake","1","3772","5293","0.03","71.26","Única","13"
"2023","Cloud preferida","NR","1","3772","5293","0.03","71.26","Única","14"
"2023","Cloud preferida","Microsoft Service Power BI","1","3772","5293","0.03","71.26","Única","15"
"2023","Cloud preferida","Não saberia dizer","1","3772","5293","0.03","71.26","Única","16"
"2023","Cloud preferida","Nao consigo escolher","1","3772","5293","0.03","71.26","Única","17"
"2023","Cloud preferida","não trabalho na área","1","3772","5293","0.03","71.26","Única","18"
"2023","Cloud preferida","Proprietária","1","3772","5293","0.03","71.26","Única","19"
"2023","Cloud preferida","Z","1","3772","5293","0.03","71.26","Única","20"
"2023","Cloud preferida","NA","1","3772","5293","0.03","71.26","Única","21"
"2023","Cloud preferida","nenhum","1","3772","5293","0.03","71.26","Única","22"
"2023","Cloud preferida","não utilizo","1","3772","5293","0.03","71.26","Única","23"
"2023","Cloud preferida","Não foi necessário triar ainda","1","3772","5293","0.03","71.26","Única","24"
"2023","Cloud preferida","Não tenho conhecimento para responder","1","3772","5293","0.03","71.26","Única","25"
"2023","Ferramenta de BI preferida","Microsoft Power BI","2370","3772","5293","62.83","71.26","Única","1"
"2023","Ferramenta de BI preferida","Tableau","553","3772","5293","14.66","71.26","Única","2"
"2023","Ferramenta de BI preferida","Looker","335","3772","5293","8.88","71.26","Única","3"
"2023","Ferramenta de BI preferida","Metabase","169","3772","5293","4.48","71.26","Única","4"
"2023","Ferramenta de BI preferida","Amazon QuickSight","107","3772","5293","2.84","71.26","Única","5"
"2023","Ferramenta de BI preferida","Qlik View/Qlik Sense","78","3772","5293","2.07","71.26","Única","6"
"2023","Ferramenta de BI preferida","Sem preferência / Não sei opinar","15","3772","5293","0.4","71.26","Única","7"
"2023","Ferramenta de BI preferida","Superset","13","3772","5293","0.34","71.26","Única","8"
"2023","Ferramenta de BI preferida","Streamlit","9","3772","5293","0.24","71.26","Única","9"
"2023","Ferramenta de BI preferida","Databricks","7","3772","5293","0.19","71.26","Única","10"
"2023","Ferramenta de BI preferida","Looker Studio","7","3772","5293","0.19","71.26","Única","11"
"2023","Ferramenta de BI preferida","Grafana","6","3772","5293","0.16","71.26","Única","12"
"2023","Ferramenta de BI preferida","Alteryx","6","3772","5293","0.16","71.26","Única","13"
"2023","Ferramenta de BI preferida","Shiny","6","3772","5293","0.16","71.26","Única","14"
"2023","Ferramenta de BI preferida","Excel","4","3772","5293","0.11","71.26","Única","15"
"2023","Ferramenta de BI preferida","Databricks SQL","3","3772","5293","0.08","71.26","Única","16"
"2023","Ferramenta de BI preferida","NA","3","3772","5293","0.08","71.26","Única","17"
"2023","Ferramenta de BI preferida","Sem preferência","3","3772","5293","0.08","71.26","Única","18"
"2023","Ferramenta de BI preferida",".","3","3772","5293","0.08","71.26","Única","19"
"2023","Ferramenta de BI preferida","Oracle Analytics Cloud","2","3772","5293","0.05","71.26","Única","20"
"2023","Ferramenta de BI preferida","Microstrategy","2","3772","5293","0.05","71.26","Única","21"
"2023","Ferramenta de BI preferida","Redash","2","3772","5293","0.05","71.26","Única","22"
"2023","Ferramenta de BI preferida","Não utilizo","2","3772","5293","0.05","71.26","Única","23"
"2023","Ferramenta de BI preferida","nenhum","2","3772","5293","0.05","71.26","Única","24"
"2023","Ferramenta de BI preferida","Python","2","3772","5293","0.05","71.26","Única","25"
"2023","Ferramenta de BI preferida","Dash","2","3772","5293","0.05","71.26","Única","26"
"2023","Ferramenta de BI preferida","Tanto faz","2","3772","5293","0.05","71.26","Única","27"
"2023","Ferramenta de BI preferida","Matplotlib/Plotly/Seaborn","1","3772","5293","0.03","71.26","Única","28"
"2023","Ferramenta de BI preferida","Custom","1","3772","5293","0.03","71.26","Única","29"
"2023","Ferramenta de BI preferida","Sendo sincero, nenhum","1","3772","5293","0.03","71.26","Única","30"
"2023","Ferramenta de BI preferida","nao consigo responder","1","3772","5293","0.03","71.26","Única","31"
"2023","Ferramenta de BI preferida","Looker studio","1","3772","5293","0.03","71.26","Única","32"
"2023","Ferramenta de BI preferida","Tibco spotfire","1","3772","5293","0.03","71.26","Única","33"
"2023","Ferramenta de BI preferida","não trabalho na área","1","3772","5293","0.03","71.26","Única","34"
"2023","Ferramenta de BI preferida","Webapps Python (Streamlit)","1","3772","5293","0.03","71.26","Única","35"
"2023","Ferramenta de BI preferida","Dashboard em código puro tem se mestrado a melhor opção","1","3772","5293","0.03","71.26","Única","36"
"2023","Ferramenta de BI preferida","Z","1","3772","5293","0.03","71.26","Única","37"
"2023","Ferramenta de BI preferida","Matplotlib","1","3772","5293","0.03","71.26","Única","38"
"2023","Ferramenta de BI preferida","não sou do bi","1","3772","5293","0.03","71.26","Única","39"
"2023","Ferramenta de BI preferida","Plotly","1","3772","5293","0.03","71.26","Única","40"
"2023","Ferramenta de BI preferida","DataBricks","1","3772","5293","0.03","71.26","Única","41"
"2023","Ferramenta de BI preferida","Graphana","1","3772","5293","0.03","71.26","Única","42"
"2023","Ferramenta de BI preferida","xxxxxxxxxx","1","3772","5293","0.03","71.26","Única","43"
"2023","Ferramenta de BI preferida","Solução própria","1","3772","5293","0.03","71.26","Única","44"
"2023","Ferramenta de BI preferida","Amplitude","1","3772","5293","0.03","71.26","Única","45"
"2023","Ferramenta de BI preferida","R Shiny","1","3772","5293","0.03","71.26","Única","46"
"2023","Ferramenta de BI preferida","Dashboards customizadas em Python","1","3772","5293","0.03","71.26","Única","47"
"2023","Ferramenta de BI preferida","Databricks Dashboards","1","3772","5293","0.03","71.26","Única","48"
"2023","Ferramenta de BI preferida","Sql databricks","1","3772","5293","0.03","71.26","Única","49"
"2023","Ferramenta de BI preferida","Pentaho","1","3772","5293","0.03","71.26","Única","50"
"2023","Ferramenta de BI preferida","Nenhum","1","3772","5293","0.03","71.26","Única","51"
"2023","Ferramenta de BI preferida","Python Dash","1","3772","5293","0.03","71.26","Única","52"
"2023","Ferramenta de BI preferida","Não uso","1","3772","5293","0.03","71.26","Única","53"
"2023","Ferramenta de BI preferida","nao trabalho com bi","1","3772","5293","0.03","71.26","Única","54"
"2023","Ferramenta de BI preferida","R shiny","1","3772","5293","0.03","71.26","Única","55"
"2023","Ferramenta de BI preferida","Não gosto da parte de visualização","1","3772","5293","0.03","71.26","Única","56"
"2023","Ferramenta de BI preferida","Apache Superset, que faltou na última lista inclusive não entendi pq","1","3772","5293","0.03","71.26","Única","57"
"2023","Ferramenta de BI preferida","Sigma Computing","1","3772","5293","0.03","71.26","Única","58"
"2023","Ferramenta de BI preferida","Trame","1","3772","5293","0.03","71.26","Única","59"
"2023","Ferramenta de BI preferida","Não possuo opinião","1","3772","5293","0.03","71.26","Única","60"
"2023","Ferramenta de BI preferida","apenas python","1","3772","5293","0.03","71.26","Única","61"
"2023","Ferramenta de BI preferida","IBM Cognos","1","3772","5293","0.03","71.26","Única","62"
"2023","Ferramenta de BI preferida","More","1","3772","5293","0.03","71.26","Única","63"
"2023","Ferramenta de BI preferida","Plotly Dash","1","3772","5293","0.03","71.26","Única","64"
"2023","Ferramenta de BI preferida","Não uso ferramenta de BI","1","3772","5293","0.03","71.26","Única","65"
"2023","Ferramenta de BI preferida","Desenvolvimento Proprio","1","3772","5293","0.03","71.26","Única","66"
"2023","Ferramenta de BI preferida","Google","1","3772","5293","0.03","71.26","Única","67"
"2023","Ferramenta de BI preferida","Sigma","1","3772","5293","0.03","71.26","Única","68"
"2023","Ferramenta de BI preferida","MicroStrategy","1","3772","5293","0.03","71.26","Única","69"
"2023","Ferramenta de BI preferida","Não preciso desse tipo de ferramenta","1","3772","5293","0.03","71.26","Única","70"
"2023","Ferramenta de BI preferida","Gaio","1","3772","5293","0.03","71.26","Única","71"
"2023","Ferramenta de BI preferida","não sou capaz de opinar","1","3772","5293","0.03","71.26","Única","72"
"2023","Ferramenta de BI preferida","ArcGIS","1","3772","5293","0.03","71.26","Única","73"
"2023","Ferramenta de BI preferida","Open source","1","3772","5293","0.03","71.26","Única","74"
"2023","Ferramenta de BI preferida","Dash Plotly","1","3772","5293","0.03","71.26","Única","75"
"2023","Ferramenta de BI preferida","N/A","1","3772","5293","0.03","71.26","Única","76"
"2023","Ferramenta de BI preferida","Dashboards próprios via webpage","1","3772","5293","0.03","71.26","Única","77"
"2023","Ferramenta de BI preferida","Ferramenta proprietária","1","3772","5293","0.03","71.26","Única","78"
"2023","Ferramenta de BI preferida","Não quero trabalhar com dataviz, quero focar na parte mais técnica de Data Engineering direcionando para Data Architecture","1","3772","5293","0.03","71.26","Única","79"
"2023","Ferramenta de BI preferida","Celonis","1","3772","5293","0.03","71.26","Única","80"
"2023","Ferramenta de BI preferida","por ser consultoria varia muito","1","3772","5293","0.03","71.26","Única","81"
"2023","Ferramenta de BI preferida","Databricks dashboards","1","3772","5293","0.03","71.26","Única","82"
"2023","Ferramenta de BI preferida","Não usaria","1","3772","5293","0.03","71.26","Única","83"
"2023","Ferramenta de BI preferida","Não conheço as opções","1","3772","5293","0.03","71.26","Única","84"
"2023","Ferramenta de BI preferida","Spreadsheet","1","3772","5293","0.03","71.26","Única","85"
"2023","Ferramenta de BI preferida","Google Looker Studio","1","3772","5293","0.03","71.26","Única","86"
"2023","Ferramenta de BI utilizada","Microsoft Power BI","2154","3772","5293","57.1","71.26","Múltipla","1"
"2023","Ferramenta de BI utilizada","Tableau","713","3772","5293","18.9","71.26","Múltipla","2"
"2023","Ferramenta de BI utilizada","Looker Studio (antigo Google Data Studio)","653","3772","5293","17.31","71.26","Múltipla","3"
"2023","Ferramenta de BI utilizada","Looker","440","3772","5293","11.66","71.26","Múltipla","4"
"2023","Ferramenta de BI utilizada","Não utilizo nenhuma ferramenta de BI no trabalho","409","3772","5293","10.84","71.26","Múltipla","5"
"2023","Ferramenta de BI utilizada","Fazemos todas as análises utilizando apenas Excel ou planilhas do google","391","3772","5293","10.37","71.26","Múltipla","6"
"2023","Ferramenta de BI utilizada","Metabase","324","3772","5293","8.59","71.26","Múltipla","7"
"2023","Ferramenta de BI utilizada","Grafana","276","3772","5293","7.32","71.26","Múltipla","8"
"2023","Ferramenta de BI utilizada","Qlik View/Qlik Sense","194","3772","5293","5.14","71.26","Múltipla","9"
"2023","Ferramenta de BI utilizada","Outra opção","182","3772","5293","4.83","71.26","Múltipla","10"
"2023","Ferramenta de BI utilizada","Pentaho","176","3772","5293","4.67","71.26","Múltipla","11"
"2023","Ferramenta de BI utilizada","Amazon QuickSight","138","3772","5293","3.66","71.26","Múltipla","12"
"2023","Ferramenta de BI utilizada","Alteryx","100","3772","5293","2.65","71.26","Múltipla","13"
"2023","Ferramenta de BI utilizada","Superset","85","3772","5293","2.25","71.26","Múltipla","14"
"2023","Ferramenta de BI utilizada","Salesforce/Einstein Analytics","85","3772","5293","2.25","71.26","Múltipla","15"
"2023","Ferramenta de BI utilizada","SAS Visual Analytics","85","3772","5293","2.25","71.26","Múltipla","16"
"2023","Ferramenta de BI utilizada","SAP Business Objects/SAP Analytics","80","3772","5293","2.12","71.26","Múltipla","17"
"2023","Ferramenta de BI utilizada","Redash","62","3772","5293","1.64","71.26","Múltipla","18"
"2023","Ferramenta de BI utilizada","Oracle Business Intelligence","49","3772","5293","1.3","71.26","Múltipla","19"
"2023","Ferramenta de BI utilizada","MicroStrategy","37","3772","5293","0.98","71.26","Múltipla","20"
"2023","Ferramenta de BI utilizada","TIBCO Spotfire","27","3772","5293","0.72","71.26","Múltipla","21"
"2023","Ferramenta de BI utilizada","IBM Analytics/Cognos","25","3772","5293","0.66","71.26","Múltipla","22"
"2023","Ferramenta de BI utilizada","Mode","13","3772","5293","0.34","71.26","Múltipla","23"
"2023","Ferramenta de BI utilizada","Birst","5","3772","5293","0.13","71.26","Múltipla","24"
"2023","Linguagem preferida","Python","3299","3750","5293","87.97","70.85","Única","1"
"2023","Linguagem preferida","R","228","3750","5293","6.08","70.85","Única","2"
"2023","Linguagem preferida","SQL","74","3750","5293","1.97","70.85","Única","3"
"2023","Linguagem preferida","Scala","53","3750","5293","1.41","70.85","Única","4"
"2023","Linguagem preferida","Rust","29","3750","5293","0.77","70.85","Única","5"
"2023","Linguagem preferida","Julia","24","3750","5293","0.64","70.85","Única","6"
"2023","Linguagem preferida","C/C++/C#","19","3750","5293","0.51","70.85","Única","7"
"2023","Linguagem preferida","DAX/M","8","3750","5293","0.21","70.85","Única","8"
"2023","Linguagem preferida","Java","4","3750","5293","0.11","70.85","Única","9"
"2023","Linguagem preferida","Spark","3","3750","5293","0.08","70.85","Única","10"
"2023","Linguagem preferida","Go","3","3750","5293","0.08","70.85","Única","11"
"2023","Linguagem preferida","SAS","2","3750","5293","0.05","70.85","Única","12"
"2023","Linguagem preferida","Elixir","1","3750","5293","0.03","70.85","Única","13"
"2023","Linguagem preferida","Kotlin","1","3750","5293","0.03","70.85","Única","14"
"2023","Linguagem preferida","Clojure","1","3750","5293","0.03","70.85","Única","15"
"2023","Linguagem preferida","JavaScript","1","3750","5293","0.03","70.85","Única","16"
"2024","Banco de dados utilizado","PostgreSQL","1126","3587","5215","31.39","68.78","Múltipla","1"
"2024","Banco de dados utilizado","Databricks","1116","3587","5215","31.11","68.78","Múltipla","2"
"2024","Banco de dados utilizado","SQL Server","1052","3587","5215","29.33","68.78","Múltipla","3"
"2024","Banco de dados utilizado","Google BigQuery","941","3587","5215","26.23","68.78","Múltipla","4"
"2024","Banco de dados utilizado","S3","848","3587","5215","23.64","68.78","Múltipla","5"
"2024","Banco de dados utilizado","MySQL","832","3587","5215","23.19","68.78","Múltipla","6"
"2024","Banco de dados utilizado","Oracle","643","3587","5215","17.93","68.78","Múltipla","7"
"2024","Banco de dados utilizado","Amazon Athena","504","3587","5215","14.05","68.78","Múltipla","8"
"2024","Banco de dados utilizado","MongoDB","411","3587","5215","11.46","68.78","Múltipla","9"
"2024","Banco de dados utilizado","Amazon Redshift","364","3587","5215","10.15","68.78","Múltipla","10"
"2024","Banco de dados utilizado","Hive","265","3587","5215","7.39","68.78","Múltipla","11"
"2024","Banco de dados utilizado","Amazon Aurora ou RDS","238","3587","5215","6.64","68.78","Múltipla","12"
"2024","Banco de dados utilizado","DynamoDB","232","3587","5215","6.47","68.78","Múltipla","13"
"2024","Banco de dados utilizado","SQLite","225","3587","5215","6.27","68.78","Múltipla","14"
"2024","Banco de dados utilizado","Snowflake","223","3587","5215","6.22","68.78","Múltipla","15"
"2024","Banco de dados utilizado","SAP HANA","192","3587","5215","5.35","68.78","Múltipla","16"
"2024","Banco de dados utilizado","Elasticsearch","154","3587","5215","4.29","68.78","Múltipla","17"
"2024","Banco de dados utilizado","Presto","150","3587","5215","4.18","68.78","Múltipla","18"
"2024","Banco de dados utilizado","MariaDB","129","3587","5215","3.6","68.78","Múltipla","19"
"2024","Banco de dados utilizado","Microsoft Access","119","3587","5215","3.32","68.78","Múltipla","20"
"2024","Banco de dados utilizado","Redis","115","3587","5215","3.21","68.78","Múltipla","21"
"2024","Banco de dados utilizado","DB2","78","3587","5215","2.17","68.78","Múltipla","22"
"2024","Banco de dados utilizado","Firebase","73","3587","5215","2.04","68.78","Múltipla","23"
"2024","Banco de dados utilizado","Google Firestore","56","3587","5215","1.56","68.78","Múltipla","24"
"2024","Banco de dados utilizado","Neo4J","53","3587","5215","1.48","68.78","Múltipla","25"
"2024","Banco de dados utilizado","Cassandra","41","3587","5215","1.14","68.78","Múltipla","26"
"2024","Banco de dados utilizado","Firebird","39","3587","5215","1.09","68.78","Múltipla","27"
"2024","Banco de dados utilizado","Splunk","24","3587","5215","0.67","68.78","Múltipla","28"
"2024","Banco de dados utilizado","HBase","23","3587","5215","0.64","68.78","Múltipla","29"
"2024","Banco de dados utilizado","Sybase","20","3587","5215","0.56","68.78","Múltipla","30"
"2024","Banco de dados utilizado","Datomic","17","3587","5215","0.47","68.78","Múltipla","31"
"2024","Banco de dados utilizado","Vertica","9","3587","5215","0.25","68.78","Múltipla","32"
"2024","Banco de dados utilizado","CoachDB","7","3587","5215","0.2","68.78","Múltipla","33"
"2024","Cloud preferida","Sem preferência / Não sei opinar","1167","3587","5215","32.53","68.78","Única","1"
"2024","Cloud preferida","AWS","1148","3587","5215","32.0","68.78","Única","2"
"2024","Cloud preferida","GCP","697","3587","5215","19.43","68.78","Única","3"
"2024","Cloud preferida","Azure","563","3587","5215","15.7","68.78","Única","4"
"2024","Cloud preferida","Databricks","7","3587","5215","0.2","68.78","Única","5"
"2024","Cloud preferida","Cloud com Databricks","1","3587","5215","0.03","68.78","Única","6"
"2024","Cloud preferida","Oracle Cloud","1","3587","5215","0.03","68.78","Única","7"
"2024","Cloud preferida","Qlik","1","3587","5215","0.03","68.78","Única","8"
"2024","Cloud preferida","clickhouse","1","3587","5215","0.03","68.78","Única","9"
"2024","Cloud preferida","Teradata Vantage","1","3587","5215","0.03","68.78","Única","10"
"2024","Ferramenta de BI preferida","Microsoft Power BI","1704","3264","5215","52.21","62.59","Única","1"
"2024","Ferramenta de BI preferida","Sem preferência / Não sei opinar","632","3264","5215","19.36","62.59","Única","2"
"2024","Ferramenta de BI preferida","Tableau","406","3264","5215","12.44","62.59","Única","3"
"2024","Ferramenta de BI preferida","Looker","202","3264","5215","6.19","62.59","Única","4"
"2024","Ferramenta de BI preferida","Metabase","125","3264","5215","3.83","62.59","Única","5"
"2024","Ferramenta de BI preferida","Amazon QuickSight","67","3264","5215","2.05","62.59","Única","6"
"2024","Ferramenta de BI preferida","Qlik View/Qlik Sense","48","3264","5215","1.47","62.59","Única","7"
"2024","Ferramenta de BI preferida","Superset","13","3264","5215","0.4","62.59","Única","8"
"2024","Ferramenta de BI preferida","ThoughtSpot","5","3264","5215","0.15","62.59","Única","9"
"2024","Ferramenta de BI preferida","Databricks","4","3264","5215","0.12","62.59","Única","10"
"2024","Ferramenta de BI preferida","Shiny","4","3264","5215","0.12","62.59","Única","11"
"2024","Ferramenta de BI preferida","Streamlit","4","3264","5215","0.12","62.59","Única","12"
"2024","Ferramenta de BI preferida","Python","2","3264","5215","0.06","62.59","Única","13"
"2024","Ferramenta de BI preferida","Looker Studio","2","3264","5215","0.06","62.59","Única","14"
"2024","Ferramenta de BI preferida","databricks","2","3264","5215","0.06","62.59","Única","15"
"2024","Ferramenta de BI preferida","Cube.dev","1","3264","5215","0.03","62.59","Única","16"
"2024","Ferramenta de BI preferida","Databricks Business Intelligence","1","3264","5215","0.03","62.59","Única","17"
"2024","Ferramenta de BI preferida","Self-service, não gosto de trabalhar com visualização","1","3264","5215","0.03","62.59","Única","18"
"2024","Ferramenta de BI preferida","Count","1","3264","5215","0.03","62.59","Única","19"
"2024","Ferramenta de BI preferida","shiny","1","3264","5215","0.03","62.59","Única","20"
"2024","Ferramenta de BI preferida","domo","1","3264","5215","0.03","62.59","Única","21"
"2024","Ferramenta de BI preferida","Jupyter","1","3264","5215","0.03","62.59","Única","22"
"2024","Ferramenta de BI preferida","Spotfire","1","3264","5215","0.03","62.59","Única","23"
"2024","Ferramenta de BI preferida","Nenhuma/ Não uso","1","3264","5215","0.03","62.59","Única","24"
"2024","Ferramenta de BI preferida","Solução própria","1","3264","5215","0.03","62.59","Única","25"
"2024","Ferramenta de BI preferida","SAS","1","3264","5215","0.03","62.59","Única","26"
"2024","Ferramenta de BI preferida","HEX","1","3264","5215","0.03","62.59","Única","27"
"2024","Ferramenta de BI preferida","Databricks Dashboards","1","3264","5215","0.03","62.59","Única","28"
"2024","Ferramenta de BI preferida","Python dash","1","3264","5215","0.03","62.59","Única","29"
"2024","Ferramenta de BI preferida","Knime","1","3264","5215","0.03","62.59","Única","30"
"2024","Ferramenta de BI preferida","redash","1","3264","5215","0.03","62.59","Única","31"
"2024","Ferramenta de BI preferida","Grafana","1","3264","5215","0.03","62.59","Única","32"
"2024","Ferramenta de BI preferida","Plotly Dash","1","3264","5215","0.03","62.59","Única","33"
"2024","Ferramenta de BI preferida","DataStage","1","3264","5215","0.03","62.59","Única","34"
"2024","Ferramenta de BI preferida","Hex","1","3264","5215","0.03","62.59","Única","35"
"2024","Ferramenta de BI preferida","TS","1","3264","5215","0.03","62.59","Única","36"
"2024","Ferramenta de BI preferida","Sisense","1","3264","5215","0.03","62.59","Única","37"
"2024","Ferramenta de BI preferida","ChatGPT ou Vector Search","1","3264","5215","0.03","62.59","Única","38"
"2024","Ferramenta de BI preferida","Observable Framework","1","3264","5215","0.03","62.59","Única","39"
"2024","Ferramenta de BI preferida","Alteryx","1","3264","5215","0.03","62.59","Única","40"
"2024","Ferramenta de BI preferida","Plotly","1","3264","5215","0.03","62.59","Única","41"
"2024","Ferramenta de BI preferida","DASH & PLOTLY","1","3264","5215","0.03","62.59","Única","42"
"2024","Ferramenta de BI preferida","T","1","3264","5215","0.03","62.59","Única","43"
"2024","Ferramenta de BI preferida","hex","1","3264","5215","0.03","62.59","Única","44"
"2024","Ferramenta de BI preferida","HorusBI","1","3264","5215","0.03","62.59","Única","45"
"2024","Ferramenta de BI preferida","Hex Tech","1","3264","5215","0.03","62.59","Única","46"
"2024","Ferramenta de BI preferida","Zoho Analytics","1","3264","5215","0.03","62.59","Única","47"
"2024","Ferramenta de BI preferida","DATABRICKS","1","3264","5215","0.03","62.59","Única","48"
"2024","Ferramenta de BI preferida","Thoughspot","1","3264","5215","0.03","62.59","Única","49"
"2024","Ferramenta de BI preferida","Databricks com opção de BI","1","3264","5215","0.03","62.59","Única","50"
"2024","Ferramenta de BI preferida","Databricks SQL","1","3264","5215","0.03","62.59","Única","51"
"2024","Ferramenta de BI preferida","Databricks Dashboard","1","3264","5215","0.03","62.59","Única","52"
"2024","Ferramenta de BI preferida","Markdown","1","3264","5215","0.03","62.59","Única","53"
"2024","Ferramenta de BI preferida","Dashboards em python com framework Dash","1","3264","5215","0.03","62.59","Única","54"
"2024","Ferramenta de BI preferida","Shiny (web framework)","1","3264","5215","0.03","62.59","Única","55"
"2024","Ferramenta de BI preferida","ORACLE OBIEE","1","3264","5215","0.03","62.59","Única","56"
"2024","Ferramenta de BI preferida","MicroStrategy","1","3264","5215","0.03","62.59","Única","57"
"2024","Ferramenta de BI preferida","Sigma","1","3264","5215","0.03","62.59","Única","58"
"2024","Ferramenta de BI preferida","pentaho","1","3264","5215","0.03","62.59","Única","59"
"2024","Ferramenta de BI utilizada","Microsoft Power BI","1996","3617","5215","55.18","69.36","Múltipla","1"
"2024","Ferramenta de BI utilizada","Tableau","687","3617","5215","18.99","69.36","Múltipla","2"
"2024","Ferramenta de BI utilizada","Looker Studio (antigo Google Data Studio)","603","3617","5215","16.67","69.36","Múltipla","3"
"2024","Ferramenta de BI utilizada","Looker","466","3617","5215","12.88","69.36","Múltipla","4"
"2024","Ferramenta de BI utilizada","Fazemos todas as análises utilizando apenas Excel ou planilhas do google","384","3617","5215","10.62","69.36","Múltipla","5"
"2024","Ferramenta de BI utilizada","Não utilizo nenhuma ferramenta de BI no trabalho","353","3617","5215","9.76","69.36","Múltipla","6"
"2024","Ferramenta de BI utilizada","Outra opção","340","3617","5215","9.4","69.36","Múltipla","7"
"2024","Ferramenta de BI utilizada","Metabase","318","3617","5215","8.79","69.36","Múltipla","8"
"2024","Ferramenta de BI utilizada","Grafana","290","3617","5215","8.02","69.36","Múltipla","9"
"2024","Ferramenta de BI utilizada","Qlik View/Qlik Sense","178","3617","5215","4.92","69.36","Múltipla","10"
"2024","Ferramenta de BI utilizada","Amazon QuickSight","168","3617","5215","4.64","69.36","Múltipla","11"
"2024","Ferramenta de BI utilizada","Pentaho","113","3617","5215","3.12","69.36","Múltipla","12"
"2024","Ferramenta de BI utilizada","Superset","97","3617","5215","2.68","69.36","Múltipla","13"
"2024","Ferramenta de BI utilizada","Salesforce/Einstein Analytics","92","3617","5215","2.54","69.36","Múltipla","14"
"2024","Ferramenta de BI utilizada","SAS Visual Analytics","74","3617","5215","2.05","69.36","Múltipla","15"
"2024","Ferramenta de BI utilizada","Alteryx","72","3617","5215","1.99","69.36","Múltipla","16"
"2024","Ferramenta de BI utilizada","Redash","55","3617","5215","1.52","69.36","Múltipla","17"
"2024","Ferramenta de BI utilizada","SAP Business Objects/SAP Analytics","55","3617","5215","1.52","69.36","Múltipla","18"
"2024","Ferramenta de BI utilizada","Oracle Business Intelligence","36","3617","5215","1.0","69.36","Múltipla","19"
"2024","Linguagem preferida","Python","3040","3423","5215","88.81","65.64","Única","1"
"2024","Linguagem preferida","R","186","3423","5215","5.43","65.64","Única","2"
"2024","Linguagem preferida","SQL","73","3423","5215","2.13","65.64","Única","3"
"2024","Linguagem preferida","Scala","39","3423","5215","1.14","65.64","Única","4"
"2024","Linguagem preferida","Rust","25","3423","5215","0.73","65.64","Única","5"
"2024","Linguagem preferida","C/C++/C#","20","3423","5215","0.58","65.64","Única","6"
"2024","Linguagem preferida","Go","10","3423","5215","0.29","65.64","Única","7"
"2024","Linguagem preferida","Julia","8","3423","5215","0.23","65.64","Única","8"
"2024","Linguagem preferida","SAS","2","3423","5215","0.06","65.64","Única","9"
"2024","Linguagem preferida","PySpark","2","3423","5215","0.06","65.64","Única","10"
"2024","Linguagem preferida","Databricks","1","3423","5215","0.03","65.64","Única","11"
"2024","Linguagem preferida","M e Dax","1","3423","5215","0.03","65.64","Única","12"
"2024","Linguagem preferida","Não trabalharia com linguagem de programação","1","3423","5215","0.03","65.64","Única","13"
"2024","Linguagem preferida","SPSS","1","3423","5215","0.03","65.64","Única","14"
"2024","Linguagem preferida","Matlab","1","3423","5215","0.03","65.64","Única","15"
"2024","Linguagem preferida","Clojure","1","3423","5215","0.03","65.64","Única","16"
"2024","Linguagem preferida","PHP","1","3423","5215","0.03","65.64","Única","17"
"2024","Linguagem preferida","Qliksense","1","3423","5215","0.03","65.64","Única","18"
"2024","Linguagem preferida","No code","1","3423","5215","0.03","65.64","Única","19"
"2024","Linguagem preferida","Engenharia de Prompt","1","3423","5215","0.03","65.64","Única","20"
"2024","Linguagem preferida","Spark","1","3423","5215","0.03","65.64","Única","21"
"2024","Linguagem preferida","JavaScript","1","3423","5215","0.03","65.64","Única","22"
"2024","Linguagem preferida","sas","1","3423","5215","0.03","65.64","Única","23"
"2024","Linguagem preferida",".","1","3423","5215","0.03","65.64","Única","24"
"2024","Linguagem preferida","M/DAX","1","3423","5215","0.03","65.64","Única","25"
"2024","Linguagem preferida","LookML","1","3423","5215","0.03","65.64","Única","26"
"2024","Linguagem preferida","nenhum","1","3423","5215","0.03","65.64","Única","27"
"2024","Linguagem preferida","Não sei","1","3423","5215","0.03","65.64","Única","28"
"2025_2026","Banco de dados utilizado","PostgreSQL","771","2095","3494","36.8","59.96","Múltipla","1"
"2025_2026","Banco de dados utilizado","SQL Server","702","2095","3494","33.51","59.96","Múltipla","2"
"2025_2026","Banco de dados utilizado","Databricks","689","2095","3494","32.89","59.96","Múltipla","3"
"2025_2026","Banco de dados utilizado","S3","604","2095","3494","28.83","59.96","Múltipla","4"
"2025_2026","Banco de dados utilizado","MySQL","598","2095","3494","28.54","59.96","Múltipla","5"
"2025_2026","Banco de dados utilizado","Google BigQuery","566","2095","3494","27.02","59.96","Múltipla","6"
"2025_2026","Banco de dados utilizado","Oracle","410","2095","3494","19.57","59.96","Múltipla","7"
"2025_2026","Banco de dados utilizado","Amazon Athena","319","2095","3494","15.23","59.96","Múltipla","8"
"2025_2026","Banco de dados utilizado","MongoDB","310","2095","3494","14.8","59.96","Múltipla","9"
"2025_2026","Banco de dados utilizado","SQLite","258","2095","3494","12.32","59.96","Múltipla","10"
"2025_2026","Banco de dados utilizado","Amazon Redshift","230","2095","3494","10.98","59.96","Múltipla","11"
"2025_2026","Banco de dados utilizado","Snowflake","191","2095","3494","9.12","59.96","Múltipla","12"
"2025_2026","Banco de dados utilizado","Amazon Aurora ou RDS","171","2095","3494","8.16","59.96","Múltipla","13"
"2025_2026","Banco de dados utilizado","Hive","160","2095","3494","7.64","59.96","Múltipla","14"
"2025_2026","Banco de dados utilizado","DynamoDB","159","2095","3494","7.59","59.96","Múltipla","15"
"2025_2026","Banco de dados utilizado","Redis","130","2095","3494","6.21","59.96","Múltipla","16"
"2025_2026","Banco de dados utilizado","SAP HANA","123","2095","3494","5.87","59.96","Múltipla","17"
"2025_2026","Banco de dados utilizado","Elasticsearch","121","2095","3494","5.78","59.96","Múltipla","18"
"2025_2026","Banco de dados utilizado","MariaDB","91","2095","3494","4.34","59.96","Múltipla","19"
"2025_2026","Banco de dados utilizado","Microsoft Access","90","2095","3494","4.3","59.96","Múltipla","20"
"2025_2026","Banco de dados utilizado","Presto","88","2095","3494","4.2","59.96","Múltipla","21"
"2025_2026","Banco de dados utilizado","DB2","73","2095","3494","3.48","59.96","Múltipla","22"
"2025_2026","Banco de dados utilizado","Firebase","65","2095","3494","3.1","59.96","Múltipla","23"
"2025_2026","Banco de dados utilizado","Neo4J","40","2095","3494","1.91","59.96","Múltipla","24"
"2025_2026","Banco de dados utilizado","Google Firestore","37","2095","3494","1.77","59.96","Múltipla","25"
"2025_2026","Banco de dados utilizado","Firebird","31","2095","3494","1.48","59.96","Múltipla","26"
"2025_2026","Banco de dados utilizado","Cassandra","30","2095","3494","1.43","59.96","Múltipla","27"
"2025_2026","Banco de dados utilizado","Splunk","16","2095","3494","0.76","59.96","Múltipla","28"
"2025_2026","Banco de dados utilizado","HBase","15","2095","3494","0.72","59.96","Múltipla","29"
"2025_2026","Banco de dados utilizado","Datomic","13","2095","3494","0.62","59.96","Múltipla","30"
"2025_2026","Banco de dados utilizado","Sybase","13","2095","3494","0.62","59.96","Múltipla","31"
"2025_2026","Banco de dados utilizado","Vertica","7","2095","3494","0.33","59.96","Múltipla","32"
"2025_2026","Banco de dados utilizado","CoachDB","6","2095","3494","0.29","59.96","Múltipla","33"
"2025_2026","Cloud preferida","Sem preferência / Não sei opinar","681","2095","3494","32.51","59.96","Única","1"
"2025_2026","Cloud preferida","AWS","665","2095","3494","31.74","59.96","Única","2"
"2025_2026","Cloud preferida","GCP","431","2095","3494","20.57","59.96","Única","3"
"2025_2026","Cloud preferida","Azure","308","2095","3494","14.7","59.96","Única","4"
"2025_2026","Cloud preferida","Databricks","5","2095","3494","0.24","59.96","Única","5"
"2025_2026","Cloud preferida","Cloud própria","2","2095","3494","0.1","59.96","Única","6"
"2025_2026","Cloud preferida","Snowflake","1","2095","3494","0.05","59.96","Única","7"
"2025_2026","Cloud preferida","On-premises","1","2095","3494","0.05","59.96","Única","8"
"2025_2026","Cloud preferida","Oracle Cloud","1","2095","3494","0.05","59.96","Única","9"
"2025_2026","Ferramenta de BI preferida","Microsoft Power BI","942","1866","3494","50.48","53.41","Única","1"
"2025_2026","Ferramenta de BI preferida","Sem preferência / Não sei opinar","430","1866","3494","23.04","53.41","Única","2"
"2025_2026","Ferramenta de BI preferida","Tableau","182","1866","3494","9.75","53.41","Única","3"
"2025_2026","Ferramenta de BI preferida","Looker","119","1866","3494","6.38","53.41","Única","4"
"2025_2026","Ferramenta de BI preferida","Metabase","76","1866","3494","4.07","53.41","Única","5"
"2025_2026","Ferramenta de BI preferida","Amazon QuickSight","55","1866","3494","2.95","53.41","Única","6"
"2025_2026","Ferramenta de BI preferida","Qlik View/Qlik Sense","27","1866","3494","1.45","53.41","Única","7"
"2025_2026","Ferramenta de BI preferida","Databricks","8","1866","3494","0.43","53.41","Única","8"
"2025_2026","Ferramenta de BI preferida","Superset","6","1866","3494","0.32","53.41","Única","9"
"2025_2026","Ferramenta de BI preferida","Streamlit","2","1866","3494","0.11","53.41","Única","10"
"2025_2026","Ferramenta de BI preferida","Plotly Dash","2","1866","3494","0.11","53.41","Única","11"
"2025_2026","Ferramenta de BI preferida","Própria da empresa","1","1866","3494","0.05","53.41","Única","12"
"2025_2026","Ferramenta de BI preferida","Google Analytics","1","1866","3494","0.05","53.41","Única","13"
"2025_2026","Ferramenta de BI preferida","Knime","1","1866","3494","0.05","53.41","Única","14"
"2025_2026","Ferramenta de BI preferida","Observable","1","1866","3494","0.05","53.41","Única","15"
"2025_2026","Ferramenta de BI preferida","Hex Tech","1","1866","3494","0.05","53.41","Única","16"
"2025_2026","Ferramenta de BI preferida","HorusBI - LUMO","1","1866","3494","0.05","53.41","Única","17"
"2025_2026","Ferramenta de BI preferida","Spotfire","1","1866","3494","0.05","53.41","Única","18"
"2025_2026","Ferramenta de BI preferida","r","1","1866","3494","0.05","53.41","Única","19"
"2025_2026","Ferramenta de BI preferida","SalesForce","1","1866","3494","0.05","53.41","Única","20"
"2025_2026","Ferramenta de BI preferida","Ferramenta proprietária da empresa funciona melhor e mais integrada","1","1866","3494","0.05","53.41","Única","21"
"2025_2026","Ferramenta de BI preferida","Dataiku","1","1866","3494","0.05","53.41","Única","22"
"2025_2026","Ferramenta de BI preferida","Lightdash","1","1866","3494","0.05","53.41","Única","23"
"2025_2026","Ferramenta de BI preferida","Python/Plotly","1","1866","3494","0.05","53.41","Única","24"
"2025_2026","Ferramenta de BI preferida","Apache Hop","1","1866","3494","0.05","53.41","Única","25"
"2025_2026","Ferramenta de BI preferida","SQL e R","1","1866","3494","0.05","53.41","Única","26"
"2025_2026","Ferramenta de BI preferida","Superset + Hex","1","1866","3494","0.05","53.41","Única","27"
"2025_2026","Ferramenta de BI preferida","Horus BI","1","1866","3494","0.05","53.41","Única","28"
"2025_2026","Ferramenta de BI utilizada","Microsoft Power BI","1242","2105","3494","59.0","60.25","Múltipla","1"
"2025_2026","Ferramenta de BI utilizada","Looker Studio (antigo Google Data Studio)","328","2105","3494","15.58","60.25","Múltipla","2"
"2025_2026","Ferramenta de BI utilizada","Tableau","287","2105","3494","13.63","60.25","Múltipla","3"
"2025_2026","Ferramenta de BI utilizada","Looker","269","2105","3494","12.78","60.25","Múltipla","4"
"2025_2026","Ferramenta de BI utilizada","Não utilizo nenhuma ferramenta de BI no trabalho","239","2105","3494","11.35","60.25","Múltipla","5"
"2025_2026","Ferramenta de BI utilizada","Fazemos todas as análises utilizando apenas Excel ou planilhas do google","217","2105","3494","10.31","60.25","Múltipla","6"
"2025_2026","Ferramenta de BI utilizada","Grafana","183","2105","3494","8.69","60.25","Múltipla","7"
"2025_2026","Ferramenta de BI utilizada","Metabase","177","2105","3494","8.41","60.25","Múltipla","8"
"2025_2026","Ferramenta de BI utilizada","Outra opção","155","2105","3494","7.36","60.25","Múltipla","9"
"2025_2026","Ferramenta de BI utilizada","Amazon QuickSight","143","2105","3494","6.79","60.25","Múltipla","10"
"2025_2026","Ferramenta de BI utilizada","Qlik View/Qlik Sense","91","2105","3494","4.32","60.25","Múltipla","11"
"2025_2026","Ferramenta de BI utilizada","Pentaho","67","2105","3494","3.18","60.25","Múltipla","12"
"2025_2026","Ferramenta de BI utilizada","Superset","67","2105","3494","3.18","60.25","Múltipla","13"
"2025_2026","Ferramenta de BI utilizada","SAP Business Objects/SAP Analytics","51","2105","3494","2.42","60.25","Múltipla","14"
"2025_2026","Ferramenta de BI utilizada","Salesforce/Einstein Analytics","43","2105","3494","2.04","60.25","Múltipla","15"
"2025_2026","Ferramenta de BI utilizada","Alteryx","43","2105","3494","2.04","60.25","Múltipla","16"
"2025_2026","Ferramenta de BI utilizada","SAS Visual Analytics","36","2105","3494","1.71","60.25","Múltipla","17"
"2025_2026","Ferramenta de BI utilizada","Oracle Business Intelligence","19","2105","3494","0.9","60.25","Múltipla","18"
"2025_2026","Ferramenta de BI utilizada","Redash","13","2105","3494","0.62","60.25","Múltipla","19"
"2025_2026","Linguagem preferida","Python","1928","2095","3494","92.03","59.96","Múltipla","1"
"2025_2026","Linguagem preferida","SQL","1763","2095","3494","84.15","59.96","Múltipla","2"
"2025_2026","Linguagem preferida","R","294","2095","3494","14.03","59.96","Múltipla","3"
"2025_2026","Linguagem preferida","Scala","70","2095","3494","3.34","59.96","Múltipla","4"
"2025_2026","Linguagem preferida","C/C++/C#","49","2095","3494","2.34","59.96","Múltipla","5"
"2025_2026","Linguagem preferida","Rust","35","2095","3494","1.67","59.96","Múltipla","6"
"2025_2026","Linguagem preferida","Julia","18","2095","3494","0.86","59.96","Múltipla","7"
"2025_2026","Linguagem preferida","DAX","14","2095","3494","0.67","59.96","Múltipla","8"
"2025_2026","Linguagem preferida","PySpark","13","2095","3494","0.62","59.96","Múltipla","9"
"2025_2026","Linguagem preferida","Spark","7","2095","3494","0.33","59.96","Múltipla","10"
"2025_2026","Linguagem preferida","Go","6","2095","3494","0.29","59.96","Múltipla","11"
"2025_2026","Linguagem preferida","Java","5","2095","3494","0.24","59.96","Múltipla","12"
"2025_2026","Linguagem preferida","M","4","2095","3494","0.19","59.96","Múltipla","13"
"2025_2026","Linguagem preferida","JavaScript","4","2095","3494","0.19","59.96","Múltipla","14"
"2025_2026","Linguagem preferida","Matlab","1","2095","3494","0.05","59.96","Múltipla","15"
"2025_2026","Linguagem preferida","PHP","1","2095","3494","0.05","59.96","Múltipla","16"
"2025_2026","Linguagem preferida","SAS","1","2095","3494","0.05","59.96","Múltipla","17"
"2025_2026","Linguagem preferida","Polaris","1","2095","3494","0.05","59.96","Múltipla","18"
"2025_2026","Linguagem preferida","Power Query","1","2095","3494","0.05","59.96","Múltipla","19"
"2025_2026","Linguagem preferida","Não conheço isso","1","2095","3494","0.05","59.96","Múltipla","20"
"2025_2026","Linguagem preferida","Power BI","1","2095","3494","0.05","59.96","Múltipla","21"
"2025_2026","Linguagem preferida","Kotli","1","2095","3494","0.05","59.96","Múltipla","22"
"2025_2026","Linguagem preferida","Ruby","1","2095","3494","0.05","59.96","Múltipla","23"
"2025_2026","Linguagem preferida","Bigquery","1","2095","3494","0.05","59.96","Múltipla","24"
"2025_2026","Linguagem preferida","Mojo","1","2095","3494","0.05","59.96","Múltipla","25"
"2025_2026","Linguagem preferida","Type Script","1","2095","3494","0.05","59.96","Múltipla","26"
"2025_2026","Linguagem preferida","YAML","1","2095","3494","0.05","59.96","Múltipla","27"
"2025_2026","Linguagem preferida","Não utilizo na minha função atual","1","2095","3494","0.05","59.96","Múltipla","28"
"2025_2026","Linguagem preferida","QUALQUER UMA","1","2095","3494","0.05","59.96","Múltipla","29"
"2025_2026","Linguagem preferida","Linguagem M","1","2095","3494","0.05","59.96","Múltipla","30"
"2025_2026","Linguagem preferida","Bash","1","2095","3494","0.05","59.96","Múltipla","31"
"2025_2026","Linguagem preferida","ecl","1","2095","3494","0.05","59.96","Múltipla","32"
"2025_2026","Linguagem preferida","Nextflow","1","2095","3494","0.05","59.96","Múltipla","33"
"2025_2026","Linguagem preferida","noSQL","1","2095","3494","0.05","59.96","Múltipla","34"
"2025_2026","Linguagem preferida","VBA","1","2095","3494","0.05","59.96","Múltipla","35"
"2025_2026","Linguagem preferida","Cobol","1","2095","3494","0.05","59.96","Múltipla","36"
"2025_2026","Linguagem preferida","html","1","2095","3494","0.05","59.96","Múltipla","37"
"2025_2026","Linguagem preferida","Excel e Power BI","1","2095","3494","0.05","59.96","Múltipla","38"
"2025_2026","Linguagem preferida","Elixir","1","2095","3494","0.05","59.96","Múltipla","39"
"2025_2026","Linguagem preferida","spark","1","2095","3494","0.05","59.96","Múltipla","40"
"2025_2026","Linguagem preferida","Oracle data integration","1","2095","3494","0.05","59.96","Múltipla","41"
"2025_2026","Linguagem preferida","Shellscript","1","2095","3494","0.05","59.96","Múltipla","42"
"2025_2026","Linguagem preferida","Progress","1","2095","3494","0.05","59.96","Múltipla","43"
